{"1_2-dichlorobenzene": -6.361318588256836, "indole": -7.101711273193359, "1-methylpyrrole": -4.319360256195068, "3-ethyltoluene": -6.785053253173828, "4-ethyltoluene": -6.58851432800293, "benzene": -5.414122104644775, "phenol": -5.723594665527344, "toluene": -6.1245646476745605, "thianaphthene": -7.067245960235596, "isobutylbenzene": -7.151706218719482, "2-ethyltoluene": -7.129092693328857, "iodopentafluorobenzene": -7.192389011383057, "iodobenzene": -6.044772148132324, "benzofuran": -7.039276599884033, "propylbenzene": -6.867495059967041, "m-xylene": -6.34151554107666, "indene": -7.634700775146484, "o-xylene": -6.879520893096924, "p-xylene": -6.157681941986084, "ethylbenzene": -6.418951034545898, "n-butylbenzene": -7.295680046081543, "N-methylaniline": -5.876611709594727}